word,definition,pos
abaichit shalit kunchi,peddle,(v)
abaiyachi,along,(adv)
abani,barbecue,(n)
abanupli,stile,(n)
abanuplichi,respite,(v)
abasha tok,swath,(n)
abashafa,gash,(n)
abecha,spout,(n)
abecheli,spigot,(n)
abeka,ailment,(n)
abeka aiasha,sanatorium,(n)
abeka aiiasha,hospital,(n)
abeka apisachi,nurse,(n)
abeka haleli,contagious,(adj)
abeka haleli,contagion,(n)
abeka iksho,well,(adj)
abeka ilhkoli,hysteria,(n)
abeka iti haleli,virus,(n)
abeka okpulo,diabetes,(n)
abeka shali,ambulance,(n)
abekachi,nauseate,(v)
abekama,ail,(v)
abekamo,ill,(adj)
abepoli,stow,(v)
abetiplichi,press,(v)
abetuplichi,stamp,(v)
abilia,perpetual,(adj)
abinili aboa,parlor,(n)
abinili chuna,wheelchair,(n)
aboa,bungalow,(n)
aboa achaka,wing,(n)
aboa achukoshkomo,playhouse,(n)
aboa afoha,hotel,(n)
aboa aiimpa,cafe,(n)
aboa ankaka,indoors,(adv)
aboa anokaka holisso lapochi,paperhanger,(n)
aboa anusi,chamber,(n)
aboa apisachi,serum,(n)
aboa chaha,tower,(n)
aboa chofutli,janitor,(n)
aboa holitompa,shrine,(n)
aboa holitopa,mansion,(n)
aboa huknipchowa,mural,(n)
aboa isht holmo,shingle,(n)
aboa isht oktunni,spire,(n)
aboa ishto,edifice,(n)
aboa iskunno,shack,(n)
aboa it titukla,hall,(n)
aboa itabana ikbi,build a log house,(v)
aboa itakushkowa,ward,(n)
aboa ittukla,vestibule,(n)
aboa kullo,jail,(n)
aboa kullo apisachi,warden,(n)
aboa kullo foki,jail,(v)
aboa lowachi,arson,(n)
aboa nan asha,furniture,(n)
aboa uba,garret,(n)
aboa ukni,senate,(n)
aboahoshotika,piazza,(n)
aboakafoli,chink,(n)
abokoli,thicket,(n)
aboshi,closet,(n)
abulukshi,youngest,(adj)
abunna iksho,ultra,(adj)
achahachi,entertain,(v)
achaka,extension,(n)
achakali,continuation,(n)
achamapa,echo,(n)
achamupli,charm,(n)
achapa,against,(prep)
achapa iksho,unrivaled,(adj)
achefa,launder,(v)
acheleta,zealous,(adj)
achi,say,(v)
achnachi,persevere,(v)
achokolbi,fond,(adj)
acholi,sew,(v)
achufa,member,(n)
achukilissa,deserted place,(n)
achukilissa salami,unpleasant,(adj)
achukma,good,(adj)
achukmalichi,refine,(v)
achukmilhka,kneel,(v)
achukobi,adhere,(v)
achukoshmo aboa,pavilion,(n)
achukwa,entry,(n)
achukwa ummona,narthex,(n)
achumpa,borough,(n)
achumpa aboa lawa,city,(n)
achumupli,spell,(n)
afalamochi,gravitate,(v)
afalamowa,sway,(v)
afama,charge,(v)
afanachi,audit,(n)
afanachit asilha,inquest,(n)
afanchi,audit,(n)
afanichi,audit,(n)
afanichit aiiksachi,overhaul,(v)
afapa,gape,(v)
afehna,emergency,(n)
afehnachi,necessitate,(v)
afelema,worse,(adj)
afoha,lounge,(n)
afoha aboa,hostel,(n)
afohki,goal,(n)
afoka,haven,(n)
afolobli,envelop,(v)
afolomoa,undulate,(v)
afolopa,come around,(v)
afolopli,siege,(n)
afolopowa,circle,(v)
afolotowa,circuit,(n)
afolowa,mill,(n)
afummi,year,(n)
afummi,annual,(adj)
afummi himona,new year,(n)
afummi holhtina,age,(n)
afummi pokoli,decade,(n)
afummi talhepa chufa,century,(n)
afunalichi,closely,(adv)
aha ahni,beware,(v)
ahalalichi,lead,(v)
ahayaka chukma,vantage,(n)
aheka,owe,(v)
ahekachi,charge,(v)
ahekia,site,(n)
aheta,rampart,(n)
ahetaka,obscure,(adj)
ahheka,rung,(n)
ahi,potato,(n)
ahi chumpoli,potato,(n)
ahi lhoboa,potato,(n)
ahi pinha,seed potatoes,(n)
ahika,station,(n)
ahikia,site,(n)
ahilha,dance,(n)
ahna,with,(prep)
ahni,motive,(n)
ahoba,favor,(v)
ahobachi,pattern,(n)
ahofuntichi,hatchery,(n)
aholba,haunted,(adj)
aholhchifo,namesake,(n)
aholhpi,shaft,(n)
aholhponi,vat,(n)
aholhtina iksho,numberless,(adj)
aholhtinachi,file,(v)
aholissochi,tablet,(n)
aholitompa anokaka,sanctum,(n)
Aholitopaka,Trinity,(n)
ahollopi,grave,(n)
ahollopi tulli hekia,gravestone,(n)
aholopi,sepulcher,(n)
aholopi,burying ground,(n)
ahoppoyu,observatory,(n)
ahoshtika,umbra,(n)
ahoya,leak,(adj)
ahulhfoha,rowel,(n)
ahulhi,pedal,(n)
ahulhichi,trample,(v)
ahulhupli,stirrup,(n)
ahunta,live,(v)
ai ik sachi,fix,(v)
ai ikbechi,infect,(v)
ai iklha holitopa,multimillionaire,(n)
ai iklunna,mid,(adj)
ai ilepisa,mirror,(n)
ai immmachi,habit,(n)
ai itatoba,shop,(n)
ai itayummi,muller,(n)
ai itti halutli,wedding,(n)
ai okpanichi,mutilate,(v)
ai okpoloka,disaster,(n)
ai okpulo,debris,(n)
ai yimmitlichi,stimulate,(v)
ai yummomi cha-tok,naturalism,(n)
aiachufa,clan,(n)
aialhi iksho,faithless,(adj)
aichololi,progeny,(n)
aichufa,citizen,(n)
aichukilissa,abandoned,(adj)
aichukma,good,(adj)
aichukmka,goodness,(n)
aieshi,deduct,(v)
aihaiyuchi,heredity,(n)
aihekia,footing,(n)
aihekia,pedestal,(n)
aihobachi,pattern,(n)
aiholissochi,tablet,(n)
aiholitopaka,glory,(n)
aiiachi,transmit,(v)
aiiasha,place,(n)
aiikluna,amid,(prep)
aiiklunna,mid,(adj)
aiilepisa,looking glass,(n)
aiilipisa,glass,(n)
aiimeta,eager,(adj)
aiimita,adventure,(n)
aiimitlichi,boost,(v)
aiimpa,table,(n)
aiimpa aboa,restaurant,(n)
aiimpa alhepia,damask,(n)
aiishi,uncover,(v)
aiishii,off,(adv.)
aiishko,mug,(n)
aiissachi,abandon,(v)
aiissachi tok,cease,(v)
aiitafama,meetinghouse,(n)
aiitana aboa,temple,(n)
aiitana aiombinili,pew,(n)
aiitanaha,chapel,(n)
aiitanaha aboa anukaka,nave,(n)
aiitapata,seam,(n)
aiitapeha,folk,(n)
ai-ithana,church,(n)
aiithána,acquaintance,(n)
aiithana kusbi,churchyard,(n)
aiitifama,rendezvous,(n)
ailchi,certainly,(adv)
ailhchi,execute,(v)
ailhi,affirmative,(n)
ailhi anli,affirmation,(n)
ailhika,justice,(n)
ailhinchi,affirm,(v)
ailhopulli,crossing,(n)
aiok panichi,muss,(n)
aiokchya,salvation,(n)
aioklhilichi,gloom,(n)
aioklhilika,dark place,(n)
aiokpanichi,impair,(v)
aiokpoloka,flaw,(n)
aiokpuloka,calamity,(n)
aiokpuni,havoc,(n)
aioktunnichi,solve,(v)
aiolhponi,kitchen,(n)
aiombinili,seat,(n)
aiombinili fala,bench,(n)
aiombinili holitompa,throne,(n)
aiombinili iyi,chair leg,(n)
aioshta,fourth,(adj)
aioshtalichi,four times,(v)
aiowutta yakni,hunting ground,(n)
aipalummi,awful,(adj)
aishi,subtract,(v)
aitafama,scene,(n)
aitanaha,synagogue,(n)
aitaya,recumbent,(adj)
aitaya,shore,(n)
aituklummi,delay,(v)
aiulhpisa,deserve,(v)
aiulhpisachi,adjust,(v)
aiulhto,case,(n)
aiulhtoba ona,due,(adj)
aiulli omboli,assess,(v)
aiutta,abide,(v)
aiutta iksho,vagabond,(n)
aiuttatok nitak,birthday,(n)
aiya,drift,(v)
aiya bunna tok,trend,(n)
aiya chi,send,(v)
aiya iksho,strand,(n)
aiya tok,depart,(v)
aiyachufa,heir,(n)
aiyahta,native,(n)
aiyahta tok,nativity,(n)
aiyahunta yakni,state,(n)
aiyaka,trail,(v)
aiyakachi,trace,(v)
aiyakaya,sequel,(n)
aiyali hoke,farewell,(interj.)
aiyanili,hope,(v)
aiyanulli,pipe,(n)
aiyapali,creep,(v)
aiyapalichi,creep after,(v)
aiyashachi,store,(v)
aiyemeta,sport,(n)
aiyemita,revel,(v)
aiyikbichi,sty,(n)
aiyimeta,spirit,(n)
aiylhchi,justify,(v)
aiylhika,justice,(n)
aiylhikachi,justification,(n)
aiyobosi,unlovely,(adj)
aiyowa,extortion,(n)
aiyukali,each,(adj)
aiyukpa,rejoice,(v)
aiyukpachi,altar,(n)
aiyukpchi,bid (greet),(v)
aiyuli omboli,evaluate,(v)
aiyulli,cost,(v)
aiyulli atumpa,overcharge,(v)
aiyulli chaha,price,(n)
aiyulli ishto,costly,(adj)
aiyulli onuttola iksho,unvalued,(adj)
aiyulli uba-weli,raise price,(v)
aiyummomi chatok,usual,(adj)
aiyumomi,custom,(n)
aiyushachika,temptation,(n)
aiyuta,reside,(v)
aiyuta iksho,nomad,(n)
aiyutta,inhabit,(v)
akanili,part,(v)
akanima hni ik ithano,perplex,(v)
akashumpa,auxiliary,(n)
akawa,squeak,(v)
akechi,fell,(v)
akenemi iksho,leisure,(n)
akiliwa,belch,(v)
akk  holita,coop,(n)
akk chukka,hen-house,(n)
akk chukwa,chicken pox,(n)
akk himita,pullet,(n)
akk hofunti,chick,(n)
akk holisso,guinea,(n)
akk iskuno,bantam,(n)
akk nukni,cock,(n)
akk oshi bekulhchi,omelet,(n)
akk oshi lakna,yolk,(n)
akk tek,hen,(n)
akk ubi,chicken hawk,(n)
akk ulhpoba,poultry,(n)
akka,chicken,(n)
akka nukni,rooster,(n)
aknchi aboshi,booth,(n)
akni,elder,(n)
akocha,gap,(n)
akolla,mine,(n)
akolokbi,gorge,(n)
akolubi,gulch,(n)
akonoli,nebula,(n)
akostinichi,ascertain,(v)
akostininchi,wisdom,(n)
akostinnichi,realize,(v)
akshochi,abolition,(n)
akucha,evolve,(v)
akullo,tight,(adj)
akullo iksho,simple,(adj)
akullochi,clasp,(v)
akunia,daft,(adj)
Akus,August,(n)
akushofa,clearly,(adv.)
alapalchi,boot,(adj)
alata,nest,(v)
alatali,patch,(v)
alawachi,elaborate,(v)
alhabeta,slough,(n)
alhakofi,refuge,(n)
alhchi,declare,(v)
alhchi; lhi,accurate,(adj)
alhchifa,sink,(n)
alhepeli,cover,(v)
alhepia,cover,(n)
alhepiya,lid,(n)
alhepiyah,flap,(n)
alhopulli,crossing,(n)
alhoputli,diarrhea,(n)
alhpi,handle,(n)
alhpisa,chaste,(adj)
alhpisa anukfilli,logic,(n)
alhpisachi,correct,(v)
alhpisahchi,rectify,(v)
alhpisasi,medium,(adj)
alichi,cultivate,(v)
alikchi,doctor,(n)
alikchi holba,quack,(n)
alikchibushpo,scalpel,(n)
aloa,wick,(n)
aloachi,burn,(n)
aloma,haunt,(n)
aloma aboa,toilet,(n)
alomi,hoard,(n)
alomichi,concealment,(v)
alota,full,(adj)
alotoa,brim,(v)
alotola chi,fill,(v)
alotoli,fill,(v)
alotoli tok,filled,(v)
alotolit anli,recount,(v)
alotolit ayukpchi,whole-hearted,(adj)
alotowa,full,(adv)
alotut ubanupli,overrun,(v)
alushkachi,slander,(n)
alushpa,cozy,(adj)
amachi,fan,(n)
amahchi,ventilate,(v)
amasali,scar,(n)
amilkasi,handy,(adj)
aminti,descendant,(n)
amokofa,raid,(n)
amsholi,avid,(adj)
ana,again,(prep)
ana achamapa,re-echo,(v)
ana afanachi,re-examine,(v)
ana chukwa,re-enter,(v)
ana hotina,recount,(v)
ana ikbi,reconstruct,(v)
ana ishi,retake,(v)
ana isht aiya,resume,(v)
ana itaholhtina,reorganize,(v)
ana itihalutli,remarry,(v)
ana tewupli,reopen,(v)
ana ubawa,rise,(v)
ana yukachi,recapture,(v)
ana; micha,and,(conj)
anaksholi,singe,(v)
anehechi,gin,(n)
aninchi,include,(v)
anka ulhkona,petticoat,(n)
ankaka pila,inward,(adj)
ankawa,peanut,(n)
anli,acknowledge,(v)
anoktawli,transparent,(adj)
anoktowli,pellucid,(adj)
anonkaka,in,(prep)
anoshkna,admire,(v)
anukchito,depend,(v)
anukfila,theory,(n)
anukfila tshpa,temper,(n)
anukfilla ishto,sensation,(n)
anukfilli,attention,(n)
anukfilli chukma,sensible,(adj)
anukfilli ila,notional,(adj)
anukfilli tekabi,worry,(n)
anukfillila,notional,(adj)
anukfillit iknacho,narrow-minded,(adj)
anukfillit tahli,decide,(v)
anukfoka,memory,(n)
anukfokachi,inspire,(v)
anukfokichi,remind,(v)
anuksitili,gallows,(n)
anuktawli,clear,(adj)
anuktla iksho,unquestionable,(adj)
anuktuklo,stammer,(v)
anulhichi,nail,(v)
anulhichi,clinch,(v)
anumpa,language,(n)
anumpa achapa,retort,(v)
anumpa aihekia,pulpit,(n)
anumpa alhi isht oktunni,affidavit,(n)
anumpa anli,news,(n)
anumpa asilha,query,(n)
anumpa chukoshpa,evil-speaking,(adj)
anumpa chukoshpali,sycophant,(n)
anumpa falama,reply,(v)
anumpa faleli,tirade,(n)
anumpa holisso,treatise,(n)
anumpa huksi,nonsense,(n)
anumpa ilayuka,parlance,(n)
anumpa ilbusha,prayer,(n)
anumpa ilbusha asilha,pray,(v)
anumpa ishkobo,subject,(n)
anumpa isht anli,tract,(n)
anumpa ishtlawa,harp,(v)
anumpa itachufa,verbatum,(adv)
anumpa itilawachi,controversy,(n)
anumpa kcha,verbal,(adj)
anumpa kullo,oath,(n)
anumpa kullo ilomboli,swear,(v)
anumpa kullochi,aloud,(adv)
anumpa lawachi,gab,(n)
anumpa leteha,slang,(n)
anumpa lhfa,sentence,(n)
anumpa nukowa,rant,(v)
anumpa okpolo omboli,condemn,(v)
anumpa okpulo,language,(n)
anumpa okpuni,cuss,(v)
anumpa omboli,accuser,(n)
anumpa shali,ambassador,(n)
anumpa tilfasi,address,(n)
anumpa tosholi,define,(v)
anumpalawa,gabble,(v)
anumpoli,speak,(v)
anumpoli iknacho,splutter,(v)
anumpoli impona,fluent,(adj)
anumpoli tok,spoke,(v)
anunachi,bakery,(n)
anushkona,gloat,(v)
anusi,bunk,(n)
anwa,track,(n)
anwa tok,footprint,(n)
apakfota,avoid,(v)
apakli tobachi,bud,(n)
apakota,hem,(n)
apakotlichi,hem,(v)
apakotlichi tok,hemmed,(v)
apalummi,awful,(adj)
apanukfila,grub,(n)
apela,assistant,(n)
apela,abet,(v)
apelachi,abettor,(n)
apelachi tok,favored,(n)
apelchi,succor,(v)
apelechi,patron,(n)
apelichika,kingdom,(n)
apfachi,blow,(v)
apisa,erect,(adj)
apisa,survey,(v)
apisa,scheme,(n)
apisa chukma,scenery,(n)
apisachi,attend,(v)
apisachi cheleta,vigilant,(adj)
apisachi eho,matron,(n)
apisachi iksho,unguarded,(adj)
apisachi im munli,guide,(n)
apisali,direct,(v)
apisalit pisa,glare,(v)
apishi,nipple,(n)
apisli,unaffected,(adj)
apist anumpoli,frank,(adj)
apistekeli,aggravate,(v)
apistikeli,pesky,(adj)
apisut hekia,perpendicular,(adj)
apokfoha,reel,(n)
apolusli,daub,(v)
apotaka,side,(adj)
apotakachi,sidle,(v)
apukchilofa; atakli,cling,(v)
apukfo tok,wound,(v)
apukfoa,spindle,(n)
apukfochi,whip,(v)
apukfoli,wind,(v)
apukfota,circumference,(n)
apuknchi pisa,overlook,(v)
apukota,vent,(n)
apulummi,hardship,(n)
apushli,broil,(v)
apushli tok,roasted,(v)
aseteli,attach,(v)
ash tok,quote,(v)
ashanachi,screw,(v)
ashela,dumpling,(n)
ashli,suggest,(v)
ashmola,cottonwood,(n)
ashobohli,chimney,(n)
ashoboli,chimney,(n)
ashokolbi,corner,(n)
ashokulbi,nook,(n)
ashopulla,lamp,(n)
ashtali,pane,(n)
ashunachi,seal,(v)
ashunichi,lock,(n)
asi,nearly,(adv)
asilha,appeal,(v)
asilhfoha,inquire,(v)
asita,leather,(n)
asunalichi,face,(v)
ataha,stub,(n)
ataha iksho,everlasting,(adj)
atahli,complete,(v)
ataiya,lean on,(v)
atakalichi,hinge,(v)
atali,accomplish,(v)
ataloa,psalm,(n)
ataloa isht unoa,note,(n)
atapachi,stop,(v)
atapolichi,decorate,(v)
atebutli,glance,(v)
atelepoha,shelf,(n)
atelifi,snub,(v)
atilipoha,rack,(n)
atkla,aftermath,(n)
atklo,twice,(adj)
atmpa,excess,(n)
atni,guardian,(n)
atnichi,commit,(v)
atoba,factory,(n)
atoba chi holba,sketch,(v)
atobi,defray,(v)
atobichi,instead,(adv)
atochi,pouch,(n)
atok,had,(v)
atokochi,shelter,(v)
atokoli,verify,(v)
atokoli,appoint,(v)
atokolichi,identify,(v)
atokot anli,express,(adj)
atoksuli,job,(n)
atoksuli fehna,industry,(n)
atoleya,ladder,(n)
atoloya,stair,(n)
atonachi,pawn,(v)
atoni,surety,(n)
atonichi,sponsor,(n)
atonochi,authority,(n)
atoplichi,force,(v)
atshpa,rush,(v)
atshpachi,compel,(v)
attkla walhachi,parboil,(v)
atuchina,third,(adj)
atukali,hinge,(n)
atuklama,busy,(adj)
atuklhakfa,playground,(n)
atuklnchi,encore,(n)
atuklo,second,(adj)
atuklsht,react,(v)
atuklsht achi,repeat,(v)
atuklsht afanachi,revise,(v)
atuklsht helichi,re-establish,(v)
atuklsht ikbi,rebuild,(v)
atukluma,disabled,(adj)
atuklumichi,rile,(v)
atuklumma,commotion,(n)
atuklummi,bore,(v)
atuklummichi,intrude,(v)
atukshila,thirst,(n)
atulhichi,hew,(v)
atulhichi,blaze (mark cut on tree),(n)
atumpa,splurge,(n)
atumplit anli,overstate,(v)
atumpohlit anli,exaggerate,(v)
atunachi,darn,(v)
atunna,loom,(n)
atupa,extreme,(adj)
atupechi,muleteer,(n)
atupli,check,(v)
atuplichi,muffle,(v)
awa-chufa,11,(n)
awa-chukali,19,(n)
awah chufa,eleven,(adj)
awah tuchina,eighteen,(n)
awah tuklo,twelve,(adj)
awa-hunali,16,(n)
awalakachi,flounce,(n)
awalhachi,skillet,(n)
awalhali,fried,(adj)
awa-oshta,14,(n)
awa-otuchina,18,(n)
awa-tuchina,13,(n)
awatuklo,seventeen,(adj)
awa-tuklo,12,(n)
awa-tulhapi,fifteen,(adj)
awekichi,scale,(n)
awulesht,following,(adj)
awulichi,follow,(v)
awushli,parch,(v)
ayapali,creep,(v)
ayehli,shampoo,(v)
ayokpolokachi,distort,(v)
ayolha,fortunate,(n)
ayolhepa,ruins,(n)
ayopisa,exhibition,(n)
ayopisa aboa,theater,(n)
ayopolachi,flatter,(v)
ayowa,extortion,(n)
aysha,space,(n)
ayukli fehna,exquisite,(adj)
ayukmichi,frigid,(adj)
ayukmichi,blizzard,(n)
ayukpa,amuse,(v)
ayukpa chukma,debonair,(adj)
ayukpa fehna,exultation,(n)
ayukpa mihli,bliss,(n)
ayukpachi,accept,(v)
ayukpachichi,enchant,(v)
ayukpachit isht anumpoli,eulogize,(v)
ayukpali,cordial,(adj)
ayukpanichi,devastate,(v)
ayukpchi,appreciate,(v)
ayukpchi keyu,unthankful,(adj)
ayukpoloka,damage,(v)
ayukpsht,obliging,(adj)
ayukpsht anli,recommend,(v)
ayukpsht ima,generous,(adj)
ayuksika,side,(adj)
ayulha,luck,(n)
ayummichi,system,(n)
ayushkummi,flirt,(v)
ayushkunapa,peril,(n)
ayushwachi,floured,(v)
bukhetipli,i,recoil
chafochi,skimp,(v)
chafochibinochi,chenille,(n)
chafochit hoyo,pick,(v)
chafochit upa,pick,(v)
chafohut ombinili,tuft,(n)
chaha,altitude,(n)
chaha holitopa,supernal,(adj)
chaha im maiya,superior,(adj)
chaha imaiya,highest,(adj)
chaha mimaiya,supreme,(adj)
chaha mulli,vault,(v)
chahachi,elevate,(v)
chahta,choctaw,(n)
chakafa,i,gizzard
chakto,tomato,(n)
chalokloha,turkey,(n)
chalokloha okchamali,peacock,(n)
chalukki,cherokee,(n)
chalukloa nukni,gobbler,(n)
chalukloa taktaha,gobble,(v)
chamo,i,leg
chanahut folota,gyrate,(v)
chanukbi,crook,(n)
chanukbichi,hook,(v)
che,promise,(n)
che ahoba,prospect,(n)
che beika tok,verge,(n)
che bekasi,nick,(n)
che pulla,uncertain,(adj)
cheki,early,(adj)
cheki mushush,ago,(adv)
chekosash,recent,(adj)
chekosi,immediate,(adj)
cheleli,crumble,(v)
cheleta,cope,(v)
cheleta mehli,overstrain,(v)
cheletut toksuli,steady,(adj)
chelhli,mumps,(n)
chelita,earnest,(adj)
chelta,spite,(n)
chenofi,tweak,(v)
chenoko abeka,pneumonia,(n)
chepota,child,(n)
chepota apisa chi,governess,(n)
chepota apisachi,nursemaid,(n)
chepota habena,adopt,(v)
chepota ikhapnaklo,brat,(n)
chepota im alikchi,pediatrics,(n)
chepota isht aiyopi,child,(n)
chepota iskunno,tyke,(n)
chepota loma,illegitimate,(adj)
chepota nukni,lad,(n)
chepota nukni holisso kunchi,newsboy,(n)
chepusli,spark,(n)
cheseia,dapple,(adj)
cheshuk,dew,(n)
chetok,expect,(v)
chetok chesha,reckon,(v)
chetolhuk,swallow,(n)
cheya,thou,(pro)
cheya ma,thee,(pro)
cheyamichi,trick,(n)
chha,higher,(adj)
chhli,chop,(v)
chho,reason,(n)
chholo,bluebird,(n)
chihowa,God,(n)
chihowa holitopli,piety,(n)
chihowa ik ithano,ungodly,(adj)
chihowa ikyimmo,atheist,(n)
chihowa ikyimmo,heathen,(n)
chihowa ithana bunna,theology,(n)
Chihowa kalukshichi,blaspheme,(v)
Chihowa nan atali,nature,(n)
Chihowa nan ulhpisa yimmi,christianity,(n)
chihowayimmi,theism,(n)
chikasha,chickasaw,(n)
chikbichi,mound,(v)
chikchiki,spot,(n)
chikosi,anon,(adv)
chilhkbi,copperhead,(n)
chiloha,grist,(n)
chilsa,chipmunk,(n)
Chilusalim,Jerusalem,(n)
chim aiyukpali,congratulate,(v)
chimiklichi,pang,(n)
chimmi,your,(adj)
chinimpoha,bit,(n)
chinofi,pinch,(v)
chisha,oak,(n)
chisha atoba,oaken,(adj)
chishko,arbor,(n)
chiskachi,tick,(v)
chiskilik,blackjack,(n)
Chisus,Jesus,(n)
Chisus Klaist,Jesus Christ,(n)
Chitokaka,Christ,(n)
chki,martin,(n)
chkush,heart,(n)
chkush hotopa,heartache,(n)
chkush kobafa,heartbreak,(n)
chkush kullo,hard-hearted,(n)
chli,hack,(v)
chna,gaunt,(adj)
chnti,frog,(n)
chntoshi,frog,(n)
choboachi,gurgle,(v)
chofata,clean,(adj)
chofuk aiyulhfoha,spur,(n)
chofuk halopa,awl,(n)
chofuk isht impa,fork,(n)
chofuk oshi,pin,(n)
chofukwashala,tine,(n)
chofutli,cleanse,(v)
chokamalachi,spun,(v)
chokamola,swirl,(v)
chokamolachi,spin,(v)
chokfolochi,stultify,(v)
chokfolowa,stagger,(v)
chokushkomo apisachi,referee,(n)
chokushpa,scandal,(n)
chokushpachi,newsmonger,(n)
cholhachi,slit,(v)
cholhafa,riven,(v)
cholhkun,spider,(n)
choli,i,mark
choluk,hole,(n)
choluk ikbi,punch,(v)
choluk iskunosi,slot,(n)
choluk okshita,plug,(v)
chomak bohta,snuff,(n)
chomak lhetili,nicotine,(n)
chomak shuna,cigar,(n)
chomak shunna,stogy,(n)
chomak shuti,pipe,(n)
chomi,such,(adj)
chomuk,tobacco,(n)
chomuk shuti,tobacco pipe,(n)
chonuk abeka,pulmonary disease,(n)
chonukubi,pleurisy,(n)
chosti,tuesday,(n)
chotilhak,chimney swallow,(n)
chowa,i,tattoo
cht akachi,cut down,(v)
Chu,Jew,(n)
Chu keyu,gentile,(adj)
Chuetouso,shekel,(n)
chufa,once,(adv)
chufichi,deliverance,(n)
chuhla,cedar,(n)
chuka,home,(n)
chuka achufa,family,(n)
chuka achufa,i,espouse
chuka chufa holhchifo,patronymic,(adj)
chuka ikbi,carpenter,(n)
chuka iksho,i,vagrant
chuka iskuno,cabin,(n)
chuka lokoli,community,(n)
chuka; aiiasha,abode,(n)
chukala,company,(n)
chukala,i,visit
chukalaha,guest,(n)
chukali,nine,(adj)
chukalumbolo,whippoorwill,(n)
chukana,fly,(n)
chukana acheli,fly-blow,(n)
chukapta,i,neighbor
chukbakali,denude,(v)
chukbukali,nude,(adj)
chukcho,maple,(n)
chukcho shokola okchi,maple syrup,(n)
chukchuki,scallop,(n)
chukfchuka,fold,(n)
chukfi,bunny,(n)
chukfi apisachi,shepherd,(n)
chukfi heshi,fleece,(n)
chukfi heshi tunna,flannel,(n)
chukfi hishi,fleece,(n)
chukfi nukni,ram,(n)
chukfi tek,ewe,(n)
chukfi yah,bleat,(n)
chukfishto,rabbit,(n)
chukfiyummi,hiccup,(n)
chukfoloha,boozy,(adj)
chukfolowa,vertigo,(n)
chukfosh takali,rabbit,(n)
chukfoshi,lamb,(n)
chukilissa,lull,(v)
chukilissa; likinta,calmness,(n)
chukilissa; sumata,silent,(adj)
chukissa,clammy,(adj)
chukiyali,drool,(v)
chuklheheli,"girn, (grin)",(v)
chuklhun ishto,tarantula,(n)
chukma,excellence,(n)
chukma ahoba,specious,(adj)
chukma atumpa,splendid,(adj)
chukma fehna,scrumptious,(adj)
chukma ikono,imperfect,(adj)
chukma im maiya,superb,(adj)
chukma imaiya,best,(adj)
chukma kutmma,usable,(adj)
chukmalichi,good,(v)
chukmalichosi,nicety,(n)
chukmalosit bohli,tap,(v)
chukmasi,beauty,(n)
chukmut ikpiso,glimpse,(n)
chukmut utta,behave,(v)
chukoa,aboard,(adv)
chukoshkomo,play,(v)
chukoshpa,gossip,(n)
chukoshpachi,gossiper,(n)
chukulhpoba,sheep,(n)
chukulhpoba nipi,mutton,(n)
chukushpa,hearsay,(n)
chukwa,admit,(v)
chula,fox,(n)
chula kwa,fox,(n)
Chulai,July,(n)
chulha losa,blackbird,(n)
chulhka,solitaire,(n)
chulhkun olali,cobweb,(n)
chulhuffi,slash,(v)
chuloshi,cub,(n)
chumak shoti,calumet,(n)
chumpa,buy,(v)
chumpa tok,bought,(v)
chumpoli,luscious,(adj)
chumpoli toba,nectar,(n)
chumpolichi,zestfully,(adv)
Chun,June,(n)
chuna,lean,(adj)
chuna,vehicle,(n)
chuna fala,haw,(n)
chuna isht toksuli,wheelbarrow,(n)
chuna ishto,truck,(n)
chuna oshi,buggy,(n)
chunafala losa,black haw,(n)
chunaha,wheel,(n)
chunaheyoli,spoke,(n)
chunali shepa,car,(n)
chuna-maleli,train,(n)
chuna-oshi,shay,(n)
chunapulhki,chariot,(n)
chunasha,moccasin,(n)
chunutli pulhki,stagecoach,(n)
chup-chup,woodpecker,(n)
chushwa,sinew,(n)
chuti,ewer,(n)
chuti,ewer,(n)
fabussa,slender,(adj)
fala,length,(adj)
fala ishto,raven,(n)
falamichi,i,avenge
falamut imna,reflect,(v)
falamut tani nitak,easter,(n)
faleli,elongate,(v)
falha,oblong,(adj)
fali,wave,(v)
falukto,crotch,(n)
falumichit eshi,withdraw,(v)
falumisht ima,restitution,(v)
falumisht imma,restitution,(v)
falumma,return,(v)
falummi hatuk,eskimo,(n)
falummi issi,reindeer,(n)
falummi nan okch oka aiutta,seal,(n)
falummichi,repulse,(v)
falummichi,i,retribution
falummichi tok,returned,(v)
falummichit isht ula,bring back,(v)
falummichit pit kanchi,cast back,(v)
falummisht atobi,refund,(v)
falummisht helichi,reinstate,(v)
falummisht ishi,reclaim,(v)
falummishtwa,recall,(v)
fanulhchi,wing,(n)
fapa,swing,(v)
fapichi,fling,(v)
fapili,branch,(n)
fapochi,wag,(v)
fapowa,flap,(v)
fatupli,dandruff,(n)
fayakachi,falter,(v)
fehna,absolute,(adj)
fehna keyu,hesitate,(v)
fehopli,slake,(v)
feleta,capsize,(v)
feletowa,swivel,(n)
felitlichi,evert,(v)
felitut tonoli,roll over,(v)
femipli,strew,(v)
fik,fig,(n)
Filchi,France,(n)
fimipli,circulate,(v)
fochik,star,(n)
fochush,duck,(n)
fochush imilha,teal,(n)
fochush nukni,drake,(n)
fochush ola,quack,(v)
fochush oshi,duckling,(n)
fochush tek,duck,(n)
foha,recess,(n)
fohachi,relief,(n)
fohapa,hives,(n)
fohi,bee,(n)
fohi bela,honey,(n)
fohi binichi,hive,(v)
fohi hukmi,wax,(n)
fohi hukmi,beeswax,(n)
fohi ishki weha,swarm,(v)
fohi lakna,yellow jacket,(n)
fohi nukni,drone,(n)
fohichuka,hive,(n)
fohichukka,beehive,(n)
fohipuska,honeycomb,(n)
fohkol,hornet,(n)
fohli,lick,(v)
fohut nwa,vacation,(n)
foka,wear,(v)
foka,wear,(v)
fokopli,verdant,(adj)
foloha,triturate,(v)
folokachi,rove,(v)
fololi,bore,(v)
folota,swerve,(v)
folota,i,divert
folotoa,sinuous,(adj)
folotoa,i,
folotoli,turning,(v)
folotowa,revolve,(v)
folowa,ground,(v)
folush,spoon,(n)
folush hutta,clam,(n)
folush hutta hukshup,clamshell,(n)
fomoachi,whiz,(v)
foni,bone,(n)
foni beika,skeleton,(n)
foni bieka,bony,(adj)
foni hotopa,rheumatism,(n)
foni toshbi,rickets,(n)
foshatochi,mockingbird,(n)
foshbulbaha,parrot,(n)
foshchuka,aviary,(n)
foshi,bird,(n)
foshi aiombinili,perch,(n)
foshi hishi lopushki,down,(n)
foshi lakna,yellow bird,(n)
foshi losa,grackle,(n)
foshi notukfa ishto,pelican,(n)
foshi oklhili taloa,nightingale,(n)
foshi ola,twitter,(v)
foshi pulhki,chaparral,(v)
foshi taloa,canary,(n)
foshoshi,bird,(n)
foubi,nettle rash,(n)
foyokachi,action,(n)
foyopa,breathe,(v)
foyopa bunna,gasp,(v)
foyopa fala,sigh,(v)
foyopa faleli,sigh,(v)
foyopa isht ithana,stethoscope,(n)
foyopa kochichi,exhale,(v)
foyopachi,breath,(v)
foyoput kochichi,expire,(v)
fuchik maleli,comet,(n)
fuchik muleli,meteor,(n)
fula,crow,(n)
fula anusi,mandrake,(n)
fula ola hobachi,caw,(v)
fuloshi,crow,(n)
fulummi,north,(n)
fulummi fochik,north star,(n)
fulummi hushi aiokutola ititukla,northwest,(n)
fulummi hushi akucha ittatakla,northeast,(n)
fulummi mahli,north wind,(n)
fulummi pila,northerly,(adj)
fulush hutta,mollusk,(n)
fummi,flog,(v)
funik,nettle,(n)
funni,squirrel,(n)
funni  shupha,mistletoe,(n)
fuppo,charm,(n)
fushchanachik,wasp,(n)
futpo ithensh,nostrum,(n)
habena,i,entreat
habena,i,entreat
habina,i,entreat
hatuk,i,husband
himmona,i,await
himmuk,i,latter
himna,i,defer
himona,i,patience
hina,i,row
holba,i,apparition
holita,i,pen
holitopa,i,dear
homi,i,gall
hullo,i,beloved
hullo ilatoba,i,mise
hullo keyu,i,liberal
i wekichi,,burden
iba habena,,inherit
iba nukhklo,a,sentiment
ibachufa,,membership
ibachufa keyu,,unyielding
ibachukwa,,invade
ibafoka,,combine
ibafoki,,insert
ibaiya,,go with
ibaiyata,,inmate
iba-minti,,come with
ibatkla,a,among
ibautta,,dwell with
ibilhpoa,,pack
ibishano,,cold
ichukwa yunha,,chill
ik achaho,,discontent
ik ahobo,,unnatural
ik aiitimno,o,feud
ik ainoso,o,eve
ik aiokpolo,,unharmed
ik aiyimeto,,nonchalant
ik aiyukpacho,,disfavor
ik akostinicho,,misunderstand
ik alhpiso,,obnoxious
ik alhpisokit nwa,o,nightwalker
ik alhpisot unoa,,notorious
ik ano,o,untimely
ik ayukpacho,,detest
ik ayukpachot pisa,,sneer
ik ayukpo,,unhappy
ik ayulho,,unlucky
ik binicho,,unseated
ik bunno,,repudiate
ik chofato,,untidy
ik chukmo,,unwholesome
ik haklo chatok,,unheard
ik halelo,,untouchable
ik halopo,,blunt
ik haphaklo,o,unmindful
ik hapnuklo,o,naughty
ik haponaklo,,deaf
ik hapsho,a,untamed
ik heko,,nonstop
ik hofayo,,immodest
ik hofobo,,shallow
ik hohlitopo,,unrighteous
ik holhtino,,unnumbered
ik holisso ksha,e,unwritten
ik holitoplo,,desecrate
ik holitopo,,unrighteous
ik hopoyukso,,unwise
ik hotopacho,,unhurt
ik iliyimmocho,,dare
ik illi halutli,,willing
ik ilyimmo,i,unnerve
ik imbateyo,,disobey
ik imilho,,unfaithful
ik imithano,,unaccustomed
ik imno,o,umbrage
ik imomo,,disappoint
ik imulhpiso,,peevish
ik imulhtaho,,unready
ik imunolo ketok,,unadvised
ik itaholhtino,,unorganized
ik itemono,,strife
ik ithano,,unskillful
ik itibachafo,,discord
ik itilawo,,oblique
ik kahyubo,,filth
ik kaiyobo,,filth
ik kaiyubo,,filth
ik kanemi hokia,,determine
ik kanemikya,,persist
ik kanimpi,,either
ik kanumpolo,,mute
ik kcho,a,unsold
ik kelimpo,,powerless
ik kobafo,,unbroken
ik kostno,i,daffy
ik kulloso,,easy
ik kunutlo,,still
ik kunutlokachi,,permanent
ik no,o,defect
ik nokchito,,unquiet
ik nokwaiyo,,temerity
ik nono,,unripe
ik nukchito,,fidget
ik nukhklo,a,ruthless
ik nukwaiyo,,nervy
ik onacho,,smatter
ik tikabo,,stamina
ik tshpo,o,retard
ik ulhchifo,,unwashed
ik ulhtaho,,unfinished
ik ulhtobo,,unpaid
ik utto ksha,e,unborn
ik yimmo,,disbelief
ik-abunno,,refuse
ikachaho,,homesick
ikachonacho,,unbearable
ikahobalo,,contempt
ikaiyubo,,absurd
ikaiyukpacho,,curt
ikalh,o,perfidy
ik-alhcho,i,renege
ikalhpiso,,obnoxious
ikanumpolo,,dumb
ikapiso,,slant
ikasilho,,uncalled
ikayukpacho,,enmity
ikayulho,,unfortunate
ikbachi,,make
ikbi,,build
ikbi tok,,invent
ikbi; tobachi,,beget
ikbichi,,maker
ikbunno,,repudiate
ikchukma,i,discomfort
ikchukmo,,improper
ikchukmo mehele,,infamous
ikhaiyako,,delinquent
ikholitopo,,desecrate
ikibachafo,,abstain
ikilmpo,i,frail
ik-imanukfillo,,hare-brained
ikimilho,,brave
ikimilho mehli,i,courageous
ikimono,,glum
ikithano,,unaware
ikitibachafo,,disagree
ikitti-halutlo,,bachelor
ik-kaiyubo,,repugnant
ikkanemikia,,endure
ikkashofo,i,unpardoned
ik-kelimpo,,clumsy
iklawo,,scant
iklawo habenachi,,dole
iklawoso,,few
iklho,a,untrue
iklun,,semi-
iklunna,,middle
iklunna lhoputli,,diameter
iklunnasht kashupli,,halve
ikno,o,deficit
iknoso,o,slight
iknukchito,,mischief
iknukhklo,a,apathy
iknukwaiyo,,bold
ikono,,absentee
ikpiso,,oversight
ikpiso cheomi,,myope
ikpiso utta tok,,blind
iksa,,
iksa,,denomination
iksa itibachufa,,synod
iksa pelichi,,deacon
iksho,,absent
iksho kumomi,,noway
iksho shabi,,void
iktshpo,o,lag
ikulhpiso ksha,e,unmeasured
ikunowo,,untold
ikyaiillo,,execrate
ikyaillo,,execrate
ikyailo,,abominate
ikyimmo,i,distrust
ikyimmo,,denial
il amosholi,,sacrifice
il im issa,,obsequious
il imissa,,submit
il lakilawa,,ruminate
il okchali,,perk
il si,a,dead
ila,,only
ila chunachi,,stress
ila pila utta,,hermit
ila pisa impona,,suave
ilabekachi,,neurotic
ilachayachi,,woo
ilachufa,,sole
ilachufasi,,alone
ilafoha,,heave
ilafoyopa,,siphon
ilahobi,,arrogant
ilaiyuka,,vary
ilaiyukali,,versatile
ilanli,o,confess
ilap akili,,himself
ilap immi,,his
ilapesachi,,demeanor
ilapichi,,recruit
ilapila,,individual
ilapisachi,,conduct
ilapisachi impna,o,natty
ilapla,i,self
ilapla,o,rash
ilapo ahni,,voluntary
ilapoahni,,voluntary
ilapt anumpoli,i,soliloquy
ilaptupa,i,cancer
ilashi,i,obsess
ilatali,,prepare
ilatapoli,,primp
ilatoba,,economy
ilatoba iksho,,squander
ilatobachi,,reproduce
ilatomba,,reserve
ilatupoli,,dapper
ilatupoli atumpa,,tawdry
ilayukpali,,grovel
ilbuk,,hand
ilbuk achoshowa,,thimble
ilbuk alhfabeka,,left hand
ilbuk foka,,gauntlet
ilbuk foka shachukla,,mitt
ilbuk imosuk,,wrist
ilbuk ishki,,thumb
ilbuk isht anli,o,gesture
ilbuk ishtwa,i,beckon
ilbuk oshi awatli,,knuckle
ilbuk pochoko,,nieve
ilbuk pochuko,,fist
ilbuk putha,,palm
ilbuk shulbia,,ring
ilbukchush,,fingernail
ilbukkoffi,i,elbow
ilbukoshi,,finger
ilbukoshi isht pasholi,,finger
ilbusha,,destitute
ilbusha atumpa,,wretched
ilbusha fehna,,necessitous
ilbushachi,,oppress
ile halutli,,coy
ile nwachi,o,stroll
ile yummishchi,,style
ilefenachi,,audacious
ilefotochi,,shrug
ilehuksichi,,pert
ilekashofa,,atone
ilekullochi,,stern
ilepfi,a,hire out
ilesatupli,,sprawl
ilhakofi iksho,,unmistakable
ilhkochi,,"shake, to"
ilhkoli,,astir
ilhpetachi,,nurture
ilhpita,,annuity
ilhpokna,o,dream
ilhpokona ahoba,,trance
ilhpokonubi,,dreamer
ili kullochi,,obstinate
ili kunutlichi,,traction
ilia pila,,lone
ilifatachi,,flutter
ilifenachi,,tyranny
ilifenenachi,,tyranny
ilifoyochi,,frisk
ilihalli,a,suppress
ilihalutli,,detain
ilihobachi,,feign
ili-holissochi,,enroll
ili-holissochi tok,,enrolled
ilihuksichi,,fickle
ilihulutli,,grim
ilikochichi,,resign
ilikostinnichi,,repent
ilikullochi,,tense
ilikullochi atumpa,,tyrant
ilimhopo,e,superstition
ilimpuk,,fare
ilipafi,,hire out
il-ishto chichi,,domineer
ilitalhofichi,,give up
ilitulhofichi,,supine
iliyimmi,,daring
iliyukachi,,surrender
illakni,e,ego
illalawachi,,multiply
illayukachi,,vassal
illebi,,suicide
illefoyochi,,shimmy
illekullochi,,austere
illi,,dead
illi aiasha,,catacomb
illi aihekia,,monument
illi aiiasha,,cemetery
illi asha,,graveyard
illi asha sipokni,,necropolis
illi atoa,,tomb
illi chachit anumpoli,,vaunt
illi hapshi,a,truckle
illi huksichi,,unruly
illi isht anumpa,,funeral
illi isht imutta,,obsequies
illi issikopachi,,murderous
illi kullochi,,obdurate
illi lheli,,preen
illi lhfi,o,slough
illi malhali,,pout
illi nipi,,flesh
illi nukwaiyachi,,sensitive
illi omboli,,pledge
illi wayachi,,slouch
illichi,a,shroud
illifolochi,,wriggle
illihopo,,wary
illihuksichi,,cut up
illi-huksichi,,rapscallion
illihuksichit na,o,carouse
illikullochi,,harsh
illikullochit anumpoli,,vehement
illi-nukhklochi,a,mourner
illit falummut tani,,resurrect
illi-tabashechi,,mourning
illitobachi,,impersonate
illitubi,i,casket
illokchina,,brainy
illoktunechi,,boisterous
ilokchina,,spry
iloktumpli,,temperance
iloktunnichi,,manifest
ilpt abeli,a,muzzle-loader
im ahoba,,surmise
im ahoyo,,solicit
im aiissachi,,waive
im aiyachi,,triumph
im alikchi,,medicate
im alummi,,business
im anukfila ikono,,unbalanced
im anukfila tikabi,,half-witted
im anukfilla,,sense
im anukfilla ik im mono,,imbecile
im anukfilla ikono,,stupid
im anukfilla iksho,,senseless
im anukfilla ishto,,revolution
im anukfilla kunia,,sense
im anukfilla tikabi,,derange
im anumpoli,,lecture
im atahli,,afford
im atali,,provider
im atobi,,repay
im ilaiyuk,,estate
im ishkobo ka,,headman
im ishkoboka,,patriarch
im itibi,,defend
im ma,,grant
im mabachi,,supervise
im malummi,,transact
im mholhochi,i,stint
im milhachi,,horrify
im mlhi keyu,a,innocent
im mlubbi,o,discourage
im mmaka pisa,o,experiment
im moma,,runt
im momokpulo,,cripple
im mulhkunia,,forgotten
im olhchonoli,,obeisance
im ulhchibachi,,exasperate
im ulhpisa,,fit
im ulhtaha,,equip
im ulhtoba,,wage
ima,,donate
ima bunna,,offer
ima tok,,gave
imabachi,,teach
imabil,,quid
imafosi,,grandfather
imaheka,,debtor
imahoba,,imagine
imaieshi,,extort
imaiya,,exceed
imaiyachi,,conquest
imaiyahchi,,conquest
imalamit aiya,,mission
imalhi,,guilt
imanukfilla,,mind
imanukfilla ikono,,moron
imanukfilla iksho,,mindless
imanukiila folokachi,,vagary
imasilha,,invite
imatali,,subsist
imatobi,,recompense
imbatiya,,docile
imeho,,wife
imilha,,coward
imilhali,,terrify
imilhali,,affright
im-ilhkoli,,swoon
imim anumpoli,,vouch
imissa,,cession
im-issa,,relent
imlhi,a,assure
imlubbi,o,prohibit
im-lubbi,o,restrain
imma,,bestow
immaiya,,super-
imm-habena,e,intercede
immi,,belong
immi alhpisa,,domain
immi meha,,claim
immlubi,o,object
immo mokpulo,,invalid
immokpolochi,,deform
immo-mokpulo,,maim
immona,,unto
immot aiya,,keep going
immulhpisa,,let
immumbi,,defeat
immunli,o,inform
immunoachi,,notice
immuntok,o,notified
im-oktunni,,talent
imoktupli,,embargo
imoshi,,uncle
impa,,dine
impa aiiasha,,pantry
impa boshotli,,garbage
impa chla,a,tapioca
impa ishto,,feast
impa kashupa,,mess
impa kunchi,,grocer
impa kushkoli,,diet
impa tok,,ate
impaasha,o,sauce
impalummi,,agony
impna isht im ulhtoba,o,trophy
impona,,ability
impona ikono,,unqualified
impulummi,,worst
impulummichi,,wreak
imputha,,brim
imshaka,a,posterior
imulhtaha,,eligible
imulhtahut mah,a,prosper
imulhtoba,,collect
imumbi,,victory
imunli,o,advise
imunoa,,explanation
im-unowut itafama,,tales
inkafolo,u,esophagus
inki toba,,fatherhood
inkna,a,kind
inkolo,u,diaphragm
inochi,,handkerchief
intoshi,,tripe
inyunubbi,,ironwood
ipeta,,nourish
ipeta chi,,feed
ipeta tok,,fed
ipok,,grandchild
ipok nukni,,grandson
ipok tek,,granddaughter
iposhchi,,father-in-law
iposi,,grandmother
ippok tek,,daughter-in-law
ipshi,a,hair
ipshi holba,a,peruke
ipshi oshchololi,a,hair
ipshi shobokoli,a,hair
ipshi tilfasi,a,hair
ipshi tupasi,a,tress
ish chumpa,,spend
ish ittanashke,,lesson
ishachi,,receive
ishe,,has
ishi,,acquire
ishi tok,,received
ishkalasha,,scissors
ishki,,mother
ishki pila,,maternal
ishki toba,,stepmother
ishkin,,eye
ishkin alutta iksho,,naked eye
ishkin halopa,,keen eye
ishkin isht psa,i,eyewitness
ishkin lobo,,eyeball
ishkin okchi,,tear
ishkin oshullo,,eyelash
ishkin pukna heshi,,eyebrow
ishkish,,rectum
ishko,,drink
ishko chufa,,dose
ishkobo,,head
ishkobo afoka,,halter
ishkobo apokfota,,headband
ishkobo atobi,,tax
ishkobo atupli,,guillotine
ishkobo foni,,skull
ishkobo hotopa,,headache
ishkobo hukshup,,scalp
ishkobo kullo,,hardhead
ishkobo lhfi,o,scalp
ishkobo tupa,,beheaded
ishkobo tupli,,behead
ishkoboka,,emperor
ishkosi,,aunt
ishkot pisa,,drink
ishla,,hoe
ishnakni,e,yourself
ishno,,ye
ishoka,,visage
ishoka abi,,rouge
ishoka alhepeya,,veil
ishoka chelesa,,freckle
ishoka homa,,ruddy
isht abachi,,wand
isht abani chofuk,,skewer
isht abawa,,found
isht abi,,brush
isht achakissa,,glue
isht achakusichi,,mucilage
isht achefa,,swab
isht achukussichi,,paste
isht afachi,,latch
isht afolochi,,manipulate
isht afolopachi,,tactics
isht afoloplichi,,enclose
isht aheta,,partition
isht aheteli,,mulch
isht ahollo,,voodoo
isht ahollo okpulo,,voodoo
isht ahollo okpune,,hex
isht ahullo okpulo,,Satan
isht ai ithna,a,souvenir
isht aibaptismochi,,font
isht aichololi,o,generation
isht aiimma,o,natural
isht aiimulhpisa,,welfare
isht aiishko,,cup
isht aiisso,,slam
isht aiithna,a,monument
isht aila,i,rarity
isht aiya,,commence
isht aiya umona,,genesis
isht aiyopa,,finis
isht akullochi,,brad
isht akullochi telikpi,,loop
isht akullochi tulhofichi,,unbutton
isht alata,,pad
isht alhi,,last
isht alhopoli,,trinket
isht alhoputli,,laxative
isht alhpisa,,purpose
isht alhpisa iksho,,nil
isht alikichi,,medical
isht alota,,absorb
isht ameha iksho,,unconditional
isht analha,,nail
isht analha ikbi,,nailer
isht analha ishto,,spike
isht analha oshi,,tack
isht anli,o,sign
isht anukfilli,,anxious
isht anumpa,,topic
isht anumpoli,,comment
isht apfachi,o,bellows
isht apipowachi,,pat
isht apnachi,o,deft
isht apnichi,o,clever
isht apukfoha,,tape
isht asawachi,,gadget
isht ashana,,nut
isht ashana tewi,,unscrew
isht ashela,,mush
isht ashulhchi,,girth
isht ashunichi,,wrench
isht atakali,,tendril
isht atobichi,,substitute
isht atokoli,,vote
isht atuchina,,treble
isht atuklama,,affliction
isht atuklumichi,,trammel
isht atuklumma,,hindrance
isht atuklumma iksho,,liberty
isht awah chufa,,eleventh
isht ayukmechi,,paraffin
isht ayukpa,,elate
isht ayukpachi,,oblation
isht ayummi,,flavor
isht ayushkummi,,paramour
isht bafa,,gaff
isht bahfa,,gaff
isht bahli,,goad
isht bilia,,endless
isht bohli,,gavel
isht busha,,saw
isht chelechi,,rasp
isht chibichi,,fire poker
isht chlachi,a,starch
isht chli,a,pick
isht chowa,i,stamp
isht chukali,,ninth
isht chukoshmo,,toy
isht chulhka,,trump
isht felechi,,crank
isht foloha,,gimlet
isht folotochi,,steer
isht fumma,,lash
isht halopachi,,file
isht halopachi asita,,strop
isht hayochi,,sieve
isht helichi,,brake
isht holbachi,,camera
isht holbona tewichi,,unroll
isht holhchi,,pail
isht holhtosi,,bait
isht holisso chi tohbi,,chalk
isht holissochi,,pen
isht holissochi okchi,,ink
isht holmo,,roof
isht holmo shukufi,,unroof
isht hosi,,pestle
isht hotopachi,,dart
isht hotopachi hni,e,noxious
isht howetachi,,emetic
isht hukmichi,,solder
isht huksichi,,decoy
isht ikai imno,o,fault
isht ikaiono iksho,,guarantee
isht ikano,,neglect
isht ikmpo,i,abomination
isht ikono,,unbecoming
isht il okpunnichi,,token
isht ilabanali,,galluses
isht ilahobi,,brag
isht ilaiyuka,,vengeance
isht ilapila,,scepter
isht ilatapoli,,ornament
isht ilatapoli nafoka,,regalia
isht ilatohbi,,toll
isht ilayuka,,miscellaneous
isht ile kushochi,,towel
isht ilehoshtika,o,umbrella
isht ilikullochi,,corset
isht ilikulochi,,girdle
isht ilimachi,,fan
isht ilimakali,,grouch
isht ilimehachi,,excuse
isht illi,,death
isht illi okpulo,,virulent
isht illi tok,,fatal
isht illibunna,,applicant
isht ilmehachi,e,particular
isht iloktunichi,,medal
isht im aiylhika,a,power
isht im alummi,,concern
isht im ithna,a,tacit
isht im mmaka pisa,o,experience
isht im palummi,,tribulation
isht im utta,,serve
isht imasha,,rite
isht immalami,,interest
isht immona,,deliver
isht imutta,,agent
isht ishi,,order
isht ithana,,mutual
isht ithna,a,regard
isht itibi,,tomahawk
isht itilawichi,,trowel
isht itilisso,,swipe
isht itishochi,,friction
isht ittibi,,javelin
isht kalakshi,,disgrace
isht kashochi,,sop
isht kashofichi,,eraser
isht kesechi,,vice
isht kesichi,,vice
isht kullafa,,rake
isht la,i,queer
isht lechi,,plow
isht leteli,,smear
isht lhakofichi,,remedy
isht loposhki,,harrow
isht minti,,bring
isht moyoli,,oar
isht moyoli afoha,,oarlock
isht nukseteli,,noose
isht nusichi,,chloroform
isht okchamali,,blueing
isht oktunni,,nimbus
isht oktunni holisso,,nimbus
isht oktunni shopula,,beacon
isht oktupli,,tampon
isht ona,,attain
isht ona mut,,thence
isht oshkunapa,,accident
isht oshkunapi,,accident
isht oshkunapi,,afoul
isht pasukli,,thwack
isht peha,,shovel
isht piha,,shovel
isht piha alhpi,,broomstick
isht pisa,,visual
isht pokoli,,tithe
isht pokoli oshta,,fortieth
isht pokoli tulhapi,,fiftieth
isht pulhi,,wedge
isht shapoli,,harness
isht shatupli,,yeast
isht shatuplichi,,soda
isht shffi,a,razor
isht shfi,a,plane
isht sutkochi,,pectin
isht takafa,,dipper
isht takufa,,ladle
isht talhepa,,banjo
isht talukchi,,cord
isht tapala,,auction
isht tapipowachi,,namby-pamby
isht tatalaka,,bottom
isht telatapoli,,necklace
isht telatupoli,,cravat
isht telshtikachi,o,parasol
isht tilombitka,,cane walking
isht titilisso,,bump
isht tiwa,,key
isht tokbolhochi,,gargle
isht toksuli,,caterpillar
isht tukafa iskunno,,noggin
isht tukasali,,wadding
isht tulhapi,,fifth
isht tulhi,,drawing knife
isht ubaweli,,crane
isht uh weshopa,,talisman
isht ula tok,,brought
isht ulbasa  heyoli,i,rafter
isht ulhpisa,,gauge
isht ulhpolosa,,mortar
isht ulhposa,,plaster
isht ulhtaha,,material
isht ulhtoba,,prize
isht ulhtoba holisso,,check
isht ulhtokowa,,proof
isht ulhtomba,,spare
isht umo,,cradle
isht unoa,,episode
isht unoa iksho,,unutterable
isht unowa,,story
isht utta,,devote
isht utta tok,,did
isht wehachi,,van
isht weshepa,,tassel
isht yabofi,,emollient
isht yopola,,dally
isht yoshopli,,wile
isht yukli,,hook
isht yummichi,,savor
ishtcholi,i,typewriter
ishtchuli,i,brand
ishtitilisso,,collision
ishtlasi,i,unique
ishtlhi,a,document
ishtmmmaka pisa,i,venture
ishto,,big
ishto atumpa,,giant
ishto chi,,enlarge
ishto chichi,,dilate
ishto fehna,,huge
ishto imaiya,,greatest
ishto ulhpisa,,size
ishto; lawa,,volume
ishtochichi,,expand
ishttewa,o,obligation
ishttiwa,o,liable
ishttuchina,o,eighth
ishtweki,i,heaviness
isipknika ubi,o,parricide
iskho,,
iskunnosi,,least
iskunosi,,least
iskunosi apela,,subsidy
iss uma hni,e,demand
issi,,deer
issi ailokfupa,,deerlick
issi hukshup,,deerskin
issi kosoma,,goat
issi kosoma nukni,,billy
issi kosoma oshi,,kid
issi kosoma tek,,goat
issi lupish putha,,caribou
issi nipi,,venison
issi nukni,,hart
issi tek,,doe
issikopa,,fierce
issi-kopalichi,,hateful
issikoput ahunta,,rampage
issish,,blood
issish bieka,,bloody
issish binili,,clot
issish hika,,thrombosis
issish hina,,artery
issish hina,i,blood vessel
issish lhatapa,,bleed
issish okpulo,,gangrene
issish tobi isht abeka,,anemia
issish tohbi,,leukemia
isskunosi,,least
isslush,o,tongue
isso,,hit
issoshi,,fawn
isssh,o,bug
isssh putha,o,cockroach
isssh shopichi,o,termite
isstokchk,u,melon
iss-tokchk,u,melon
isstokchk belama,u,muskmelon
issup,,lice
issup nehi,,nit
it ayukpachi,,shake hands
it ilawi,,level
it im ithna,a,pact
it imulhpoba,,troth
it tanalichi,,rick
ita hukmichi,,weld
itabaiyachi,,"row, in a"
itabkochi,u,transverse
itabusha,,sawmill
itachaka,,join
itachakaha,,adjoin
itachakali,,link
itachakulli,,connect
itachapa,,debate
itachufa,,kind
itachukachi,,network
itachunachi,,withstand
itafama,,convene
itafamut itibi,,encounter
itafemi,,scatter
itafemupli,,disorder
itafoka,,socket
itafummichi,,rally
itahina,,keep company
itahoba,,collect
itahobi,,huddle
itaholhtina,,organize
itaiina,,together
itakashapa,,schism
itakatulhi,,syllable
itakoba,,paunch
itakullochi,,jam
itakushkoli,,distribute
italata,,eclipse
italata chukali,,ninefold
italata hunali,,six times
italata tuchina,,three times
italatalit ithana,,practice
italummi,,totter
italutkachi,,multiple
italutli,,stack
itamma,o,whole
itanachi,,tutor
itanali,,amass
itanumpoli,,read
itapeha,,accompany
itapehut owutta,,hunting
itapehut tana,o,caravan
itapela,,accomplice
itapiha,,flock
itapisa,,simile
itapiya,,social
itapota,,double
itapotowa,,parallel
itaputli,,piece
itashechi,,shred
itashekonopa,,tangle
itasita,,wager
itasita; chulhka,,gamble
itatakulli,,chain
itatoba,,barter
itatoba bunna,,negotiate
itatobachi,,dealer
itatobechi,,rotate
itatohbichi,,exchange
itatowa,,spouse
itatukla anowa,,aisle
itatuklo,,companion
itawa,,pal
itawaiya,,mate
itayoma,,matter
itayupitamoli,,traffic
iteh isht kushochi,,napkin
iteh ithensh,,witch hazel
itfalamochi,i,cull
itfalumichi,i,detach
itfalummi,i,apart
itfelummi,i,rift
itfelummichi,i,segregate
itfilummichi,i,segregate
ithana,,educate
ithana ik bunno,,unsociable
ithanachi,,acquaint
ithanutyimmi,i,
ithensh,,asafetida
ithensh abeli,,vaccinate
ithensh aiulhto,,capsule
ithensh bota,,tarter
ithensh homi,,terramycin
ithensh isht abeli,,syringe
ithensh isht alhoputli,,physic
ithensh isht okpuni,,sorcery
ithensh kunchi,,druggist
ithensh lhoboa,,aspirin
ithensh sutko,,ointment
ithensh sutko,,
ithna,a,feeling
ithna bunna,a,consult
ithna tok,a,knew
ithnut isht toksuli,a,vocation
ithnut oktunnichi,a,muster
ithnut yimmi,a,tact
ithullo,i,affectionate
ithullo,i,affectionate
iti,,birch
iti alikchi,,cherry
iti anka,o,timber
iti bachufa; imulhpisa,,assent
iti balali,,scrub
iti busha,,board
iti chhli,a,chopper wood
iti cholha,,picket
iti choluk,,hollow
iti chuna,,wagon
iti chuna anwa,o,rut
iti chuna oshi,,cart
iti chuna oshi,,carriage
iti chuna-pulhki,,hack
iti fabussa,,pole
iti heka,,stake
iti heshi halopa,,holly
iti heshi halusbi,,magnolia
iti hishi tohbi,,poplar
iti hocheto,,sequoia
iti holitopa,,mahogany
iti hukshish,,snag
iti hukshup,,bark
iti isht boa,,mall
iti isht boa iskunco,,mallet
iti isht busha,,handsaw
iti isht busha,,bucksaw
iti isht chulhi,,froe
iti isht kolla,,chisel
iti isht nwa,o,crutch
iti isht ulbasa,,stud
iti kawaski,,hardwood
iti kolofa ishto,,barrel
iti kolofoshi,,keg
iti malha,,tiff
iti melka,i,intimate
iti nukchelepa,,notched stick
iti nuksish,,branch
iti okchamali,,spruce
iti okchi,,resin
iti olhti,,firewood
iti patulhpo,,floor
iti patulhpo chaha,,trestle
iti pulha,,rail
iti shalali,,sled
iti shawa,,brush
iti shepafa,,sliver
iti shepali,,splint
iti sholush,,sabot
iti shukali,,chip
iti tabana aboa,,log house
iti taiyukhuna,,cross
iti taiyukhuna takachi,,crucify
iti talaha,,grove
iti tobuksi,,charcoal
iti tupa,,log
iti tupuk toba,,palm
iti upi,,trunk
itiba halutli,,tug
itibachufa,,accommodate
itibachufa ulheha,,fellow man
itiba-eshi,,commune
itibafoka,,assimilate
itibafoki,,merge
itibafoyoka,,association
itibahchufa,,fellow citizens
itibaiishi,,partake
itibaiishko,,drink with
itibaimpa,,eat together
itibani,,mix
itibani tok,,mixed
itibanukfilli,,deliberate
itibapishi,,brethren
itibapishi pila,,cousin
itibapishi toba,,stepbrother
itibatoksuli,,fellow laborer
itibatoksulli,,staff
itibi,,battle
itibohli,,melee
itibulhto,,mixture
iticholhali,,paling
itichufa,,unit
itifama,,congregation
itifama,,congregate
itifama tok,,met
itifon,,brow
itifun,,forehead
itih,,mouth
itih alota,,mouthful
itih lewali,,salivate
itihaleli,,epidemic
itihalutli,,matrimony
itihalutli anumpa ilomboli,,nuptial
itihalutlinafoka,i,trousseau
itihoba,,alike
itihoba ahoba,,semblance
itihobachi,,compare
iti-hotuk,,wood ashes
itikawaski,,ebony
itilawa,,match
itilawi,,co-equal
itilawichi,,simultaneous
itilisso,,clash
itilli,,dead
itim apisa,,engage
itimaiyachi,,partial
itimalha,,fracas
it-im-anumopli,,chat
itimbayochi,,teeter
itimelaiyuka,,sundry
itimelikasi,,nestle
itimiklunna,,center
itimithna,a,term
itimokpolo,,squabble
itimpalummi,,tournament
itimulaka,,fornicate
itimunli,o,communicate
itimunnumpoli,,recite
itinka,o,sylvan
itisholi,,grapple
itisukpa,,cheek
ititanachi,,introduce
itiyulbi,,lip
itkanomi,i,kinsfolk
itkna,i,friendship
itlomaka,i,amour
itnanaiya,i,peace
itnanaiyachi,i,peacemaker
itnayachi,i,mediate
itnukoa,i,fuss
itnukowa,i,quarrel
itokchi,,saliva
itola,,drop
itolummi,,stumble
itolut aiya,,reel
itpalummi,i,contest
ittachukussa,,cohere
ittakoba,,belly
ittakoba itopa,,indigestion
ittakoba keseli,,colic
ittakoba sukbish,,groin
ittakushkoli,,disburse
ittanapi,i,civil war
ittasita,,bet
itti halutli,,wed
itti halutli,,
itti maiya,,unequal
ittibachufa,,settle
ittibani,,blend
ittibi,,fighter
ittifama,,contact
ittihalutli,,wed
ittimelaiyuka,,underworld
ittimla,e,differ
ittimmi,,partner
ittimpulummi,,race
ittiyukli,,clinch
ittnukoa,i,bicker
ittnukowa,i,affray
ittola,,fall
ittola tok,,fell
itttakla,i,between
itttanupa,i,vendetta
itubi,,coffin
itulbish,,navel
iyakchush,,claw
iyasha,,kettle
iyasha ishto,,caldron
iyasha iskunno,,nog
iychamo,i,shank
iyi,,foot
iyi  takali,i,leg
iyi bieka,,barefoot
iyi im alikchi,,pedicure
iyi imosak,,ankle
iyi isht talukchi,,shackle
iyi lawa,,centipede
iyi lhefichi,,scuff
iyi shalachi,,shamble
iyi tikba,,forefoot
iyishki,,toe
iyitukchi,i,hobble
iyoshi,,toe
iyubi,,leg
iyukchush,,hoof
kamosha,i,abhor
kanema,i,mend
kanomi,i,relative
kasachi,i,rap
kashofa,i,forgiven
kashofa hebeka,i,venial
kashofi,i,forgive
kashofi,i,pardon
kashofi tok,i,forgave
katapa,i,abusive
katupli,i,head
ki,i,dad
ki iksho,i,fatherless
ki pila,i,paternal
ki toba,i,fatherhood
ki ubi,i,patricide
ki; (father) ishki; (mother),i,parent
kna,i,amity
kna keyu,i,unfriendly
kosoma,i,musk
kotoba,i,heel
kunia,i,lose
kunia tok,i,missing
kunutli,i,evade
kunutli,i,
kushofa,i,clemency
kushofi,i,amends
la,i,another
la hokia,i,else
la iksho,i,ordinary
la toba,i,transfigure
lakna,i,bile
lanchi,i,alter
lat toba,i,transmute
lat tohomba,i,transient
lchi,i,commute
lchit foki,i,transfuse
lchit ikbi,i,transform
lhakofi,i,err
lhakofi,i,blunder
lhakofi iksho,i,unmistakable
lhi,fact,(n)
lhi fehna,substantial,(v)
lhi ilahobi,imposter,(n)
lhi keyu,dishonest,(adj)
lhi la,uncouth,(adj)
lhinchi,emend,(v)
lhnchi,enforce,(v)
meha,i,reprehend
mmachi,i,accustom
mmachit taha,i,addict
mmaka,i,risk
nchi,robe,(n)
nochi,i,tie
nochi,i,kerchief
nochi homa,i,bandanna
nochishto,i,shawl
notaka,i,subservient
nuk illi,i,malice
nukfi,i,brother
nukfi toba,i,stepbrother
nukhklo,i,compassion
nukhklo tok,i,lenient
nukowa,i,rate
nunka ishto,i,coarse
oklhilika,i,nighted
pta,i,lease
sh,i,keep
shaka,behind,(prep)
shi,i,have
shi lhiha,i,recipient
shlachi,i,keep
shli,i,have
sipknika,i,forefather
slo,leech,(n)
takobi,i,dawdle
takobichi,i,disgust
tek,i,sister
tek toba,i,stepsister
tkba,i,ancestor
tukasha,i,spleen
tukshuchi,i,milt
tunup,i,foe
tushunkchi,i,gill
wa,i,summon
wa tok,i,called
word,definition,pos
word,word 2,definition
word,definition,pos
yachuka,i,crown
yaknasha,i,dwarf
yaknasha,i,fairy
yakni apilachi,i,patriot
yimmi,i,entrust
yuknasha,i,sprite
